{
    "mean": [
        103.6473394918649,
        12.514530927720909
    ],
    "scale": [
        65.65451309378274,
        8.55082001483194
    ],
    "n_features_in": 2,
    "var": [
        4310.51508958169,
        73.11652292605051
    ]
}