{
    "mean": [
        102.5552315619491,
        12.838442030328471
    ],
    "scale": [
        66.81539933761593,
        8.460554254478405
    ],
    "n_features_in": 2,
    "var": [
        4464.297588645088,
        71.58097829297265
    ]
}